{
    "accuracy": 0.8941,
    "precision_macro": 0.9010037578054331,
    "precision_weighted": 0.8994270440174943,
    "recall_macro": 0.8923770022232423,
    "recall_weighted": 0.8941,
    "f1_macro": 0.8944691637763779,
    "f1_weighted": 0.8943666366739286,
    "precision_class_0": 0.9688149688149689,
    "recall_class_0": 0.9510204081632653,
    "f1_class_0": 0.9598352214212152,
    "precision_class_1": 0.760958904109589,
    "recall_class_1": 0.9788546255506608,
    "f1_class_1": 0.85626204238921,
    "precision_class_2": 0.9345300950369588,
    "recall_class_2": 0.8575581395348837,
    "f1_class_2": 0.8943911066195048,
    "precision_class_3": 0.9280343716433942,
    "recall_class_3": 0.8554455445544554,
    "f1_class_3": 0.8902627511591963,
    "precision_class_4": 0.8851674641148325,
    "recall_class_4": 0.9419551934826884,
    "f1_class_4": 0.9126788357178096,
    "precision_class_5": 0.8686746987951808,
    "recall_class_5": 0.8082959641255605,
    "f1_class_5": 0.8373983739837398,
    "precision_class_6": 0.9204545454545454,
    "recall_class_6": 0.930062630480167,
    "f1_class_6": 0.9252336448598131,
    "precision_class_7": 0.9085659287776708,
    "recall_class_7": 0.9182879377431906,
    "f1_class_7": 0.9134010643444606,
    "precision_class_8": 0.91,
    "recall_class_8": 0.8408624229979466,
    "f1_class_8": 0.8740661686232657,
    "precision_class_9": 0.9248366013071896,
    "recall_class_9": 0.8414271555996036,
    "f1_class_9": 0.881162428645563,
    "roc_auc_macro": 0.9848784800639345,
    "roc_auc_weighted": 0.9849367021318193
}